ZipCode,Month,Year,CustomerClass,Combined,TotalCustomers,TotalkWh,AveragekWh
91901,1,2012,A,Y,0,0,0
91901,1,2012,C,Y,267,84928,318
91901,1,2012,I,Y,0,0,0
91901,1,2012,R,Y,328,93407,285
91902,1,2012,A,Y,0,0,0
91902,1,2012,C,Y,0,0,0
91902,1,2012,I,Y,0,0,0
91902,1,2012,R,N,162,24536,151
91905,1,2012,A,Y,0,0,0
91905,1,2012,C,Y,0,0,0
91905,1,2012,I,Y,0,0,0
91905,1,2012,R,Y,0,0,0
91906,1,2012,A,Y,0,0,0
91906,1,2012,C,Y,55,13127,239
91906,1,2012,I,Y,0,0,0
91906,1,2012,R,Y,0,0,0
91910,1,2012,A,Y,0,0,0
91910,1,2012,C,Y,756,53643,71
91910,1,2012,I,Y,0,0,0
91910,1,2012,R,Y,246,26725,109
91911,1,2012,A,Y,0,0,0
91911,1,2012,C,Y,0,0,0
91911,1,2012,I,Y,0,0,0
91911,1,2012,R,N,277,23613,85
91912,1,2012,A,Y,0,0,0
91912,1,2012,C,Y,0,0,0
91912,1,2012,I,Y,0,0,0
91912,1,2012,R,Y,0,0,0
91913,1,2012,A,Y,0,0,0
91913,1,2012,C,Y,0,0,0
91913,1,2012,I,Y,0,0,0
91913,1,2012,R,N,260,29363,113
91914,1,2012,A,Y,0,0,0
91914,1,2012,C,Y,0,0,0
91914,1,2012,I,Y,0,0,0
91914,1,2012,R,Y,0,0,0
91915,1,2012,A,Y,0,0,0
91915,1,2012,C,Y,0,0,0
91915,1,2012,I,Y,0,0,0
91915,1,2012,R,N,122,20396,167
91916,1,2012,A,Y,0,0,0
91916,1,2012,C,Y,0,0,0
91916,1,2012,I,Y,0,0,0
91916,1,2012,R,Y,0,0,0
91917,1,2012,A,Y,0,0,0
91917,1,2012,C,Y,0,0,0
91917,1,2012,I,Y,0,0,0
91917,1,2012,R,Y,0,0,0
91931,1,2012,A,Y,0,0,0
91931,1,2012,C,Y,0,0,0
91931,1,2012,I,Y,0,0,0
91931,1,2012,R,Y,0,0,0
91932,1,2012,A,Y,0,0,0
91932,1,2012,C,N,46,51151,1112
91932,1,2012,I,Y,0,0,0
91932,1,2012,R,N,209,89500,428
91934,1,2012,A,Y,0,0,0
91934,1,2012,C,Y,0,0,0
91934,1,2012,I,Y,0,0,0
91934,1,2012,R,Y,0,0,0
91935,1,2012,A,Y,0,0,0
91935,1,2012,C,Y,0,0,0
91935,1,2012,I,Y,0,0,0
91935,1,2012,R,N,129,16787,130
91941,1,2012,A,Y,0,0,0
91941,1,2012,C,N,40,39572,989
91941,1,2012,I,Y,0,0,0
91941,1,2012,R,N,314,20908,67
91942,1,2012,A,Y,0,0,0
91942,1,2012,C,N,274,282450,1031
91942,1,2012,I,Y,0,0,0
91942,1,2012,R,N,277,30957,112
91945,1,2012,A,Y,0,0,0
91945,1,2012,C,N,192,45342,236
91945,1,2012,I,Y,0,0,0
91945,1,2012,R,N,186,26095,140
91948,1,2012,A,Y,0,0,0
91948,1,2012,C,Y,0,0,0
91948,1,2012,I,Y,0,0,0
91948,1,2012,R,Y,0,0,0
91950,1,2012,A,Y,0,0,0
91950,1,2012,C,Y,579,405810,701
91950,1,2012,I,Y,0,0,0
91950,1,2012,R,Y,112,20084,179
91962,1,2012,A,Y,0,0,0
91962,1,2012,C,Y,0,0,0
91962,1,2012,I,Y,0,0,0
91962,1,2012,R,Y,0,0,0
91963,1,2012,A,Y,0,0,0
91963,1,2012,C,Y,0,0,0
91963,1,2012,I,Y,0,0,0
91963,1,2012,R,Y,0,0,0
91977,1,2012,A,Y,0,0,0
91977,1,2012,C,N,352,24204,69
91977,1,2012,I,Y,0,0,0
91977,1,2012,R,N,268,24755,92
91978,1,2012,A,Y,0,0,0
91978,1,2012,C,Y,0,0,0
91978,1,2012,I,Y,0,0,0
91978,1,2012,R,Y,0,0,0
91980,1,2012,A,Y,0,0,0
91980,1,2012,C,Y,0,0,0
91980,1,2012,I,Y,0,0,0
91980,1,2012,R,Y,0,0,0
92003,1,2012,A,Y,0,0,0
92003,1,2012,C,Y,0,0,0
92003,1,2012,I,Y,0,0,0
92003,1,2012,R,Y,0,0,0
92004,1,2012,A,Y,0,0,0
92004,1,2012,C,Y,0,0,0
92004,1,2012,I,Y,0,0,0
92004,1,2012,R,Y,0,0,0
92007,1,2012,A,Y,0,0,0
92007,1,2012,C,Y,0,0,0
92007,1,2012,I,Y,0,0,0
92007,1,2012,R,N,107,12465,116
92008,1,2012,A,Y,0,0,0
92008,1,2012,C,N,283,603279,2132
92008,1,2012,I,Y,0,0,0
92008,1,2012,R,N,184,48974,266
92009,1,2012,A,Y,0,0,0
92009,1,2012,C,Y,0,0,0
92009,1,2012,I,Y,0,0,0
92009,1,2012,R,N,519,149838,289
92010,1,2012,A,Y,0,0,0
92010,1,2012,C,Y,0,0,0
92010,1,2012,I,Y,0,0,0
92010,1,2012,R,Y,0,0,0
92011,1,2012,A,Y,0,0,0
92011,1,2012,C,Y,0,0,0
92011,1,2012,I,Y,0,0,0
92011,1,2012,R,N,125,14351,115
92014,1,2012,A,Y,0,0,0
92014,1,2012,C,N,75,69265,924
92014,1,2012,I,Y,0,0,0
92014,1,2012,R,N,190,49165,259
92019,1,2012,A,Y,0,0,0
92019,1,2012,C,Y,0,0,0
92019,1,2012,I,Y,0,0,0
92019,1,2012,R,N,389,51735,133
92020,1,2012,A,Y,0,0,0
92020,1,2012,C,N,1402,140326,100
92020,1,2012,I,Y,0,0,0
92020,1,2012,R,N,344,28127,82
92021,1,2012,A,Y,0,0,0
92021,1,2012,C,N,600,23641,39
92021,1,2012,I,Y,0,0,0
92021,1,2012,R,N,469,98803,211
92024,1,2012,A,Y,0,0,0
92024,1,2012,C,Y,0,0,0
92024,1,2012,I,Y,0,0,0
92024,1,2012,R,Y,525,72628,138
92025,1,2012,A,Y,0,0,0
92025,1,2012,C,Y,0,0,0
92025,1,2012,I,Y,0,0,0
92025,1,2012,R,Y,454,92266,203
92026,1,2012,A,Y,0,0,0
92026,1,2012,C,Y,0,0,0
92026,1,2012,I,Y,0,0,0
92026,1,2012,R,Y,412,153478,373
92027,1,2012,A,Y,0,0,0
92027,1,2012,C,Y,194,129920,670
92027,1,2012,I,Y,0,0,0
92027,1,2012,R,Y,469,103452,221
92028,1,2012,A,Y,0,0,0
92028,1,2012,C,Y,163,127262,781
92028,1,2012,I,Y,0,0,0
92028,1,2012,R,Y,651,221663,340
92029,1,2012,A,Y,0,0,0
92029,1,2012,C,Y,0,0,0
92029,1,2012,I,Y,0,0,0
92029,1,2012,R,N,243,113710,468
92036,1,2012,A,Y,0,0,0
92036,1,2012,C,Y,167,100511,602
92036,1,2012,I,Y,0,0,0
92036,1,2012,R,Y,0,0,0
92037,1,2012,A,Y,0,0,0
92037,1,2012,C,Y,710,82743,117
92037,1,2012,I,Y,0,0,0
92037,1,2012,R,Y,326,24160,74
92040,1,2012,A,Y,0,0,0
92040,1,2012,C,N,229,118381,517
92040,1,2012,I,Y,0,0,0
92040,1,2012,R,N,377,57302,152
92045,1,2012,C,Y,0,0,0
92045,1,2012,I,Y,0,0,0
92045,1,2012,R,Y,0,0,0
92049,1,2012,A,Y,0,0,0
92049,1,2012,C,Y,0,0,0
92049,1,2012,I,Y,0,0,0
92049,1,2012,R,Y,0,0,0
92054,1,2012,A,Y,0,0,0
92054,1,2012,C,Y,0,0,0
92054,1,2012,I,Y,0,0,0
92054,1,2012,R,Y,189,52278,277
92055,1,2012,A,Y,0,0,0
92055,1,2012,C,Y,0,0,0
92055,1,2012,I,Y,0,0,0
92055,1,2012,R,Y,0,0,0
92056,1,2012,A,Y,0,0,0
92056,1,2012,C,Y,0,0,0
92056,1,2012,I,Y,0,0,0
92056,1,2012,R,N,216,199549,924
92057,1,2012,A,Y,0,0,0
92057,1,2012,C,Y,0,0,0
92057,1,2012,I,Y,0,0,0
92057,1,2012,R,N,529,207330,392
92058,1,2012,A,Y,0,0,0
92058,1,2012,C,Y,0,0,0
92058,1,2012,I,Y,0,0,0
92058,1,2012,R,Y,299,288577,965
92059,1,2012,A,Y,0,0,0
92059,1,2012,C,Y,0,0,0
92059,1,2012,I,Y,0,0,0
92059,1,2012,R,Y,0,0,0
92060,1,2012,A,Y,0,0,0
92060,1,2012,C,Y,0,0,0
92060,1,2012,I,Y,0,0,0
92060,1,2012,R,Y,0,0,0
92061,1,2012,A,Y,0,0,0
92061,1,2012,C,Y,0,0,0
92061,1,2012,I,Y,0,0,0
92061,1,2012,R,Y,0,0,0
92064,1,2012,A,Y,0,0,0
92064,1,2012,C,Y,193,213253,1105
92064,1,2012,I,Y,0,0,0
92064,1,2012,R,Y,729,336038,461
92065,1,2012,A,Y,0,0,0
92065,1,2012,C,Y,0,0,0
92065,1,2012,I,Y,0,0,0
92065,1,2012,R,Y,475,67150,141
92066,1,2012,A,Y,0,0,0
92066,1,2012,C,Y,0,0,0
92066,1,2012,I,Y,0,0,0
92066,1,2012,R,Y,0,0,0
92067,1,2012,A,Y,0,0,0
92067,1,2012,C,Y,0,0,0
92067,1,2012,I,Y,0,0,0
92067,1,2012,R,N,532,217145,408
92068,1,2012,A,Y,0,0,0
92068,1,2012,C,Y,0,0,0
92068,1,2012,I,Y,0,0,0
92068,1,2012,R,Y,0,0,0
92069,1,2012,A,Y,0,0,0
92069,1,2012,C,Y,0,0,0
92069,1,2012,I,Y,0,0,0
92069,1,2012,R,Y,353,52067,147
92070,1,2012,A,Y,0,0,0
92070,1,2012,C,Y,0,0,0
92070,1,2012,I,Y,0,0,0
92070,1,2012,R,Y,0,0,0
92071,1,2012,A,Y,0,0,0
92071,1,2012,C,Y,396,191411,483
92071,1,2012,I,Y,0,0,0
92071,1,2012,R,Y,352,36211,103
92072,1,2012,A,Y,0,0,0
92072,1,2012,C,Y,0,0,0
92072,1,2012,I,Y,0,0,0
92072,1,2012,R,Y,0,0,0
92075,1,2012,A,Y,0,0,0
92075,1,2012,C,N,87,81373,935
92075,1,2012,I,Y,0,0,0
92075,1,2012,R,N,112,13508,121
92078,1,2012,A,Y,0,0,0
92078,1,2012,C,Y,0,0,0
92078,1,2012,I,Y,0,0,0
92078,1,2012,R,N,546,52274,96
92079,1,2012,A,Y,0,0,0
92079,1,2012,C,Y,0,0,0
92079,1,2012,I,Y,0,0,0
92079,1,2012,R,Y,0,0,0
92081,1,2012,A,Y,0,0,0
92081,1,2012,C,Y,221,31509,143
92081,1,2012,I,Y,0,0,0
92081,1,2012,R,Y,242,46887,194
92082,1,2012,A,Y,0,0,0
92082,1,2012,C,Y,0,0,0
92082,1,2012,I,Y,0,0,0
92082,1,2012,R,Y,331,100880,305
92083,1,2012,A,Y,0,0,0
92083,1,2012,C,Y,0,0,0
92083,1,2012,I,Y,0,0,0
92083,1,2012,R,N,164,28449,173
92084,1,2012,A,Y,0,0,0
92084,1,2012,C,Y,0,0,0
92084,1,2012,I,Y,0,0,0
92084,1,2012,R,Y,365,41972,115
92085,1,2012,A,Y,0,0,0
92085,1,2012,C,Y,0,0,0
92085,1,2012,I,Y,0,0,0
92085,1,2012,R,Y,0,0,0
92086,1,2012,A,Y,0,0,0
92086,1,2012,C,Y,0,0,0
92086,1,2012,I,Y,0,0,0
92086,1,2012,R,Y,0,0,0
92091,1,2012,A,Y,0,0,0
92091,1,2012,C,Y,0,0,0
92091,1,2012,I,Y,0,0,0
92091,1,2012,R,Y,0,0,0
92092,1,2012,A,Y,0,0,0
92092,1,2012,C,Y,0,0,0
92092,1,2012,I,Y,0,0,0
92092,1,2012,R,Y,0,0,0
92093,1,2012,A,Y,0,0,0
92093,1,2012,C,Y,0,0,0
92093,1,2012,I,Y,0,0,0
92093,1,2012,R,Y,0,0,0
92096,1,2012,A,Y,0,0,0
92096,1,2012,C,Y,0,0,0
92096,1,2012,I,Y,0,0,0
92096,1,2012,R,Y,0,0,0
92101,1,2012,A,Y,0,0,0
92101,1,2012,C,Y,1282,122854,96
92101,1,2012,I,Y,0,0,0
92101,1,2012,R,Y,392,35192,90
92102,1,2012,A,Y,0,0,0
92102,1,2012,C,Y,0,0,0
92102,1,2012,I,Y,0,0,0
92102,1,2012,R,N,223,28182,126
92103,1,2012,A,Y,0,0,0
92103,1,2012,C,Y,595,29825,50
92103,1,2012,I,Y,0,0,0
92103,1,2012,R,Y,362,25019,69
92104,1,2012,A,Y,0,0,0
92104,1,2012,C,Y,0,0,0
92104,1,2012,I,Y,0,0,0
92104,1,2012,R,N,213,11793,55
92105,1,2012,A,Y,0,0,0
92105,1,2012,C,Y,0,0,0
92105,1,2012,I,Y,0,0,0
92105,1,2012,R,N,262,29854,114
92106,1,2012,A,Y,0,0,0
92106,1,2012,C,Y,0,0,0
92106,1,2012,I,Y,0,0,0
92106,1,2012,R,Y,110,4909,45
92107,1,2012,A,Y,0,0,0
92107,1,2012,C,Y,0,0,0
92107,1,2012,I,Y,0,0,0
92107,1,2012,R,N,189,14632,77
92108,1,2012,A,Y,0,0,0
92108,1,2012,C,N,869,36952,43
92108,1,2012,I,Y,0,0,0
92108,1,2012,R,N,126,20060,159
92109,1,2012,A,Y,0,0,0
92109,1,2012,C,N,742,90622,122
92109,1,2012,I,Y,0,0,0
92109,1,2012,R,N,636,27828,44
92110,1,2012,A,Y,0,0,0
92110,1,2012,C,Y,0,0,0
92110,1,2012,I,Y,0,0,0
92110,1,2012,R,N,142,13497,95
92111,1,2012,A,Y,0,0,0
92111,1,2012,C,Y,1852,135728,73
92111,1,2012,I,Y,0,0,0
92111,1,2012,R,Y,210,26677,127
92112,1,2012,A,Y,0,0,0
92112,1,2012,C,Y,0,0,0
92112,1,2012,I,Y,0,0,0
92112,1,2012,R,Y,0,0,0
92113,1,2012,A,Y,0,0,0
92113,1,2012,C,Y,0,0,0
92113,1,2012,I,Y,0,0,0
92113,1,2012,R,N,113,19178,170
92114,1,2012,A,Y,0,0,0
92114,1,2012,C,Y,0,0,0
92114,1,2012,I,Y,0,0,0
92114,1,2012,R,N,174,19595,113
92115,1,2012,A,Y,0,0,0
92115,1,2012,C,Y,470,281187,598
92115,1,2012,I,Y,0,0,0
92115,1,2012,R,Y,223,35048,157
92116,1,2012,A,Y,0,0,0
92116,1,2012,C,Y,0,0,0
92116,1,2012,I,Y,0,0,0
92116,1,2012,R,N,186,8951,48
92117,1,2012,A,Y,0,0,0
92117,1,2012,C,N,584,39736,68
92117,1,2012,I,Y,0,0,0
92117,1,2012,R,N,420,20160,48
92118,1,2012,A,Y,0,0,0
92118,1,2012,C,Y,0,0,0
92118,1,2012,I,Y,0,0,0
92118,1,2012,R,Y,132,4897,37
92119,1,2012,A,Y,0,0,0
92119,1,2012,C,Y,0,0,0
92119,1,2012,I,Y,0,0,0
92119,1,2012,R,N,194,29684,153
92120,1,2012,A,Y,0,0,0
92120,1,2012,C,N,545,164214,301
92120,1,2012,I,Y,0,0,0
92120,1,2012,R,N,511,18219,36
92121,1,2012,A,Y,0,0,0
92121,1,2012,C,Y,1147,513063,447
92121,1,2012,I,Y,0,0,0
92121,1,2012,R,Y,0,0,0
92122,1,2012,A,Y,0,0,0
92122,1,2012,C,N,180,94734,526
92122,1,2012,I,Y,0,0,0
92122,1,2012,R,N,202,28043,139
92123,1,2012,A,Y,0,0,0
92123,1,2012,C,Y,1348,118163,88
92123,1,2012,I,Y,0,0,0
92123,1,2012,R,Y,182,21146,116
92124,1,2012,A,Y,0,0,0
92124,1,2012,C,Y,0,0,0
92124,1,2012,I,Y,0,0,0
92124,1,2012,R,N,174,12721,73
92126,1,2012,A,Y,0,0,0
92126,1,2012,C,Y,1855,124493,67
92126,1,2012,I,Y,0,0,0
92126,1,2012,R,Y,453,65722,145
92127,1,2012,A,Y,0,0,0
92127,1,2012,C,Y,0,0,0
92127,1,2012,I,Y,0,0,0
92127,1,2012,R,N,515,51940,101
92128,1,2012,A,Y,0,0,0
92128,1,2012,C,Y,100,116416,1164
92128,1,2012,I,Y,0,0,0
92128,1,2012,R,Y,404,97658,242
92129,1,2012,A,Y,0,0,0
92129,1,2012,C,Y,0,0,0
92129,1,2012,I,Y,0,0,0
92129,1,2012,R,N,490,66502,136
92130,1,2012,A,Y,0,0,0
92130,1,2012,C,Y,0,0,0
92130,1,2012,I,Y,0,0,0
92130,1,2012,R,N,651,71954,111
92131,1,2012,A,Y,0,0,0
92131,1,2012,C,Y,0,0,0
92131,1,2012,I,Y,0,0,0
92131,1,2012,R,Y,458,21062,46
92132,1,2012,A,Y,0,0,0
92132,1,2012,C,Y,0,0,0
92132,1,2012,I,Y,0,0,0
92132,1,2012,R,Y,0,0,0
92134,1,2012,A,Y,0,0,0
92134,1,2012,C,Y,0,0,0
92134,1,2012,I,Y,0,0,0
92134,1,2012,R,Y,0,0,0
92135,1,2012,A,Y,0,0,0
92135,1,2012,C,Y,0,0,0
92135,1,2012,I,Y,0,0,0
92135,1,2012,R,Y,0,0,0
92136,1,2012,A,Y,0,0,0
92136,1,2012,C,Y,0,0,0
92136,1,2012,I,Y,0,0,0
92136,1,2012,R,Y,0,0,0
92139,1,2012,A,Y,0,0,0
92139,1,2012,C,Y,0,0,0
92139,1,2012,I,Y,0,0,0
92139,1,2012,R,Y,0,0,0
92145,1,2012,A,Y,0,0,0
92145,1,2012,C,Y,0,0,0
92145,1,2012,I,Y,0,0,0
92145,1,2012,R,Y,0,0,0
92152,1,2012,A,Y,0,0,0
92152,1,2012,C,Y,0,0,0
92152,1,2012,I,Y,0,0,0
92152,1,2012,R,Y,0,0,0
92154,1,2012,A,Y,0,0,0
92154,1,2012,C,Y,218,169937,780
92154,1,2012,I,Y,0,0,0
92154,1,2012,R,Y,260,330598,1272
92155,1,2012,A,Y,0,0,0
92155,1,2012,C,Y,0,0,0
92155,1,2012,I,Y,0,0,0
92155,1,2012,R,Y,0,0,0
92158,1,2012,A,Y,0,0,0
92158,1,2012,C,Y,0,0,0
92158,1,2012,I,Y,0,0,0
92158,1,2012,R,Y,0,0,0
92161,1,2012,A,Y,0,0,0
92161,1,2012,C,Y,0,0,0
92161,1,2012,I,Y,0,0,0
92161,1,2012,R,Y,0,0,0
92173,1,2012,A,Y,0,0,0
92173,1,2012,C,Y,0,0,0
92173,1,2012,I,Y,0,0,0
92173,1,2012,R,Y,0,0,0
92179,1,2012,A,Y,0,0,0
92179,1,2012,C,Y,0,0,0
92179,1,2012,I,Y,0,0,0
92179,1,2012,R,Y,0,0,0
92182,1,2012,A,Y,0,0,0
92182,1,2012,C,Y,0,0,0
92182,1,2012,I,Y,0,0,0
92182,1,2012,R,Y,0,0,0
92199,1,2012,A,Y,0,0,0
92199,1,2012,C,Y,0,0,0
92199,1,2012,I,Y,0,0,0
92199,1,2012,R,Y,0,0,0
92536,1,2012,A,Y,0,0,0
92536,1,2012,C,Y,0,0,0
92536,1,2012,I,Y,0,0,0
92536,1,2012,R,Y,0,0,0
92624,1,2012,A,Y,0,0,0
92624,1,2012,C,Y,0,0,0
92624,1,2012,I,Y,0,0,0
92624,1,2012,R,Y,0,0,0
92625,1,2012,A,Y,0,0,0
92629,1,2012,A,Y,0,0,0
92629,1,2012,C,Y,0,0,0
92629,1,2012,I,Y,0,0,0
92629,1,2012,R,N,128,22923,179
92649,1,2012,A,Y,0,0,0
92651,1,2012,A,Y,0,0,0
92651,1,2012,C,Y,0,0,0
92651,1,2012,I,Y,0,0,0
92651,1,2012,R,Y,0,0,0
92653,1,2012,A,Y,0,0,0
92653,1,2012,C,Y,0,0,0
92653,1,2012,I,Y,0,0,0
92653,1,2012,R,N,126,10925,87
92654,1,2012,A,Y,0,0,0
92654,1,2012,C,Y,0,0,0
92654,1,2012,I,Y,0,0,0
92654,1,2012,R,Y,0,0,0
92656,1,2012,A,Y,0,0,0
92656,1,2012,C,Y,0,0,0
92656,1,2012,I,Y,0,0,0
92656,1,2012,R,Y,0,0,0
92672,1,2012,A,Y,0,0,0
92672,1,2012,C,Y,0,0,0
92672,1,2012,I,Y,0,0,0
92672,1,2012,R,Y,175,62070,355
92673,1,2012,A,Y,0,0,0
92673,1,2012,C,Y,0,0,0
92673,1,2012,I,Y,0,0,0
92673,1,2012,R,N,106,14591,138
92674,1,2012,A,Y,0,0,0
92674,1,2012,C,Y,0,0,0
92674,1,2012,I,Y,0,0,0
92674,1,2012,R,Y,0,0,0
92675,1,2012,A,Y,0,0,0
92675,1,2012,C,Y,890,52333,59
92675,1,2012,I,Y,0,0,0
92675,1,2012,R,Y,180,27844,155
92676,1,2012,A,Y,0,0,0
92676,1,2012,C,Y,0,0,0
92676,1,2012,I,Y,0,0,0
92676,1,2012,R,Y,0,0,0
92677,1,2012,A,Y,0,0,0
92677,1,2012,C,Y,1247,52671,42
92677,1,2012,I,Y,0,0,0
92677,1,2012,R,Y,213,25188,118
92679,1,2012,A,Y,0,0,0
92679,1,2012,C,Y,0,0,0
92679,1,2012,I,Y,0,0,0
92679,1,2012,R,Y,0,0,0
92688,1,2012,A,Y,0,0,0
92688,1,2012,C,Y,0,0,0
92688,1,2012,I,Y,0,0,0
92688,1,2012,R,Y,0,0,0
92690,1,2012,A,Y,0,0,0
92690,1,2012,C,Y,0,0,0
92690,1,2012,I,Y,0,0,0
92690,1,2012,R,Y,0,0,0
92691,1,2012,A,Y,0,0,0
92691,1,2012,C,Y,0,0,0
92691,1,2012,I,Y,0,0,0
92691,1,2012,R,Y,0,0,0
92692,1,2012,A,Y,0,0,0
92692,1,2012,C,Y,0,0,0
92692,1,2012,I,Y,0,0,0
92692,1,2012,R,Y,0,0,0
92693,1,2012,A,Y,0,0,0
92693,1,2012,C,Y,0,0,0
92693,1,2012,I,Y,0,0,0
92693,1,2012,R,Y,0,0,0
92694,1,2012,A,Y,0,0,0
92694,1,2012,C,Y,0,0,0
92694,1,2012,I,Y,0,0,0
92694,1,2012,R,N,650,26384,41
91901,2,2012,A,Y,0,0,0
91901,2,2012,C,Y,368,449354,1221
91901,2,2012,I,Y,0,0,0
91901,2,2012,R,Y,368,122831,334
91902,2,2012,A,Y,0,0,0
91902,2,2012,C,Y,0,0,0
91902,2,2012,I,Y,0,0,0
91902,2,2012,R,N,516,36113,70
91905,2,2012,A,Y,0,0,0
91905,2,2012,C,Y,0,0,0
91905,2,2012,I,Y,0,0,0
91905,2,2012,R,Y,0,0,0
91906,2,2012,A,Y,0,0,0
91906,2,2012,C,Y,0,0,0
91906,2,2012,I,Y,0,0,0
91906,2,2012,R,Y,0,0,0
91910,2,2012,A,Y,0,0,0
91910,2,2012,C,Y,965,233688,242
91910,2,2012,I,Y,0,0,0
91910,2,2012,R,Y,313,37386,119
91911,2,2012,A,Y,0,0,0
91911,2,2012,C,Y,1645,175583,107
91911,2,2012,I,Y,0,0,0
91911,2,2012,R,Y,552,54091,98
91912,2,2012,A,Y,0,0,0
91912,2,2012,C,Y,0,0,0
91912,2,2012,I,Y,0,0,0
91912,2,2012,R,Y,0,0,0
91913,2,2012,A,Y,0,0,0
91913,2,2012,C,Y,0,0,0
91913,2,2012,I,Y,0,0,0
91913,2,2012,R,N,401,49441,123
91914,2,2012,A,Y,0,0,0
91914,2,2012,C,N,426,40798,96
91914,2,2012,I,Y,0,0,0
91914,2,2012,R,N,161,32534,202
91915,2,2012,A,Y,0,0,0
91915,2,2012,C,Y,208,28728,138
91915,2,2012,I,Y,0,0,0
91915,2,2012,R,Y,210,31145,148
91916,2,2012,A,Y,0,0,0
91916,2,2012,C,Y,0,0,0
91916,2,2012,I,Y,0,0,0
91916,2,2012,R,Y,0,0,0
91917,2,2012,A,Y,0,0,0
91917,2,2012,C,Y,0,0,0
91917,2,2012,I,Y,0,0,0
91917,2,2012,R,Y,0,0,0
91931,2,2012,A,Y,0,0,0
91931,2,2012,C,Y,0,0,0
91931,2,2012,I,Y,0,0,0
91931,2,2012,R,Y,0,0,0
91932,2,2012,A,Y,0,0,0
91932,2,2012,C,N,85,89523,1053
91932,2,2012,I,Y,0,0,0
91932,2,2012,R,N,449,104880,234
91934,2,2012,A,Y,0,0,0
91934,2,2012,C,Y,0,0,0
91934,2,2012,I,Y,0,0,0
91934,2,2012,R,Y,0,0,0
91935,2,2012,A,Y,0,0,0
91935,2,2012,C,Y,0,0,0
91935,2,2012,I,Y,0,0,0
91935,2,2012,R,N,135,17833,132
91941,2,2012,A,Y,0,0,0
91941,2,2012,C,N,172,166285,967
91941,2,2012,I,Y,0,0,0
91941,2,2012,R,N,414,36594,88
91942,2,2012,A,Y,0,0,0
91942,2,2012,C,N,1043,1284430,1231
91942,2,2012,I,Y,0,0,0
91942,2,2012,R,N,376,54090,144
91945,2,2012,A,Y,0,0,0
91945,2,2012,C,N,324,187572,579
91945,2,2012,I,Y,0,0,0
91945,2,2012,R,N,546,78225,143
91948,2,2012,A,Y,0,0,0
91948,2,2012,C,Y,0,0,0
91948,2,2012,I,Y,0,0,0
91948,2,2012,R,Y,0,0,0
91950,2,2012,A,Y,0,0,0
91950,2,2012,C,Y,766,584770,763
91950,2,2012,I,Y,0,0,0
91950,2,2012,R,Y,250,25908,104
91962,2,2012,A,Y,0,0,0
91962,2,2012,C,Y,0,0,0
91962,2,2012,I,Y,0,0,0
91962,2,2012,R,Y,0,0,0
91963,2,2012,A,Y,0,0,0
91963,2,2012,C,Y,0,0,0
91963,2,2012,I,Y,0,0,0
91963,2,2012,R,Y,0,0,0
91977,2,2012,A,Y,0,0,0
91977,2,2012,C,N,494,123020,249
91977,2,2012,I,Y,0,0,0
91977,2,2012,R,N,344,37516,109
91978,2,2012,A,Y,0,0,0
91978,2,2012,C,N,215,45164,210
91978,2,2012,I,Y,0,0,0
91978,2,2012,R,Y,0,0,0
91980,2,2012,A,Y,0,0,0
91980,2,2012,C,Y,0,0,0
91980,2,2012,I,Y,0,0,0
91980,2,2012,R,Y,0,0,0
92003,2,2012,A,Y,0,0,0
92003,2,2012,C,N,32,16040,501
92003,2,2012,I,Y,0,0,0
92003,2,2012,R,N,132,47836,362
92004,2,2012,A,Y,0,0,0
92004,2,2012,C,Y,0,0,0
92004,2,2012,I,Y,0,0,0
92004,2,2012,R,Y,0,0,0
92007,2,2012,A,Y,0,0,0
92007,2,2012,C,Y,0,0,0
92007,2,2012,I,Y,0,0,0
92007,2,2012,R,N,120,14273,119
92008,2,2012,A,Y,0,0,0
92008,2,2012,C,N,730,1487379,2038
92008,2,2012,I,Y,0,0,0
92008,2,2012,R,N,228,52529,230
92009,2,2012,A,Y,0,0,0
92009,2,2012,C,N,255,406931,1596
92009,2,2012,I,Y,0,0,0
92009,2,2012,R,N,580,152897,264
92010,2,2012,A,Y,0,0,0
92010,2,2012,C,Y,0,0,0
92010,2,2012,I,Y,0,0,0
92010,2,2012,R,Y,0,0,0
92011,2,2012,A,Y,0,0,0
92011,2,2012,C,N,279,338319,1213
92011,2,2012,I,Y,0,0,0
92011,2,2012,R,N,174,121925,701
92014,2,2012,A,Y,0,0,0
92014,2,2012,C,N,105,115446,1099
92014,2,2012,I,Y,0,0,0
92014,2,2012,R,N,192,82881,432
92019,2,2012,A,Y,0,0,0
92019,2,2012,C,N,371,121655,328
92019,2,2012,I,Y,0,0,0
92019,2,2012,R,N,1078,93472,87
92020,2,2012,A,Y,0,0,0
92020,2,2012,C,N,1771,484416,274
92020,2,2012,I,Y,0,0,0
92020,2,2012,R,N,563,52967,94
92021,2,2012,A,Y,0,0,0
92021,2,2012,C,N,814,159304,196
92021,2,2012,I,Y,0,0,0
92021,2,2012,R,N,1100,206768,188
92024,2,2012,A,Y,0,0,0
92024,2,2012,C,Y,0,0,0
92024,2,2012,I,Y,0,0,0
92024,2,2012,R,Y,660,85428,129
92025,2,2012,A,Y,0,0,0
92025,2,2012,C,Y,303,306290,1011
92025,2,2012,I,Y,0,0,0
92025,2,2012,R,Y,538,106247,197
92026,2,2012,A,Y,0,0,0
92026,2,2012,C,Y,0,0,0
92026,2,2012,I,Y,0,0,0
92026,2,2012,R,Y,451,152512,338
92027,2,2012,A,Y,0,0,0
92027,2,2012,C,Y,269,250413,931
92027,2,2012,I,Y,0,0,0
92027,2,2012,R,Y,563,119918,213
92028,2,2012,A,Y,0,0,0
92028,2,2012,C,Y,0,0,0
92028,2,2012,I,Y,0,0,0
92028,2,2012,R,N,797,1264906,1587
92029,2,2012,A,Y,0,0,0
92029,2,2012,C,Y,0,0,0
92029,2,2012,I,Y,0,0,0
92029,2,2012,R,N,251,108898,434
92036,2,2012,A,Y,0,0,0
92036,2,2012,C,Y,231,149770,648
92036,2,2012,I,Y,0,0,0
92036,2,2012,R,Y,0,0,0
92037,2,2012,A,Y,0,0,0
92037,2,2012,C,Y,831,315538,380
92037,2,2012,I,Y,0,0,0
92037,2,2012,R,Y,357,36368,102
92040,2,2012,A,Y,0,0,0
92040,2,2012,C,N,387,366537,947
92040,2,2012,I,Y,0,0,0
92040,2,2012,R,N,932,189611,203
92045,2,2012,C,Y,0,0,0
92045,2,2012,I,Y,0,0,0
92045,2,2012,R,Y,0,0,0
92049,2,2012,A,Y,0,0,0
92049,2,2012,C,Y,0,0,0
92049,2,2012,I,Y,0,0,0
92049,2,2012,R,Y,0,0,0
92054,2,2012,A,Y,0,0,0
92054,2,2012,C,Y,0,0,0
92054,2,2012,I,Y,0,0,0
92054,2,2012,R,Y,233,169809,729
92055,2,2012,A,Y,0,0,0
92055,2,2012,C,Y,0,0,0
92055,2,2012,I,Y,0,0,0
92055,2,2012,R,Y,0,0,0
92056,2,2012,A,Y,0,0,0
92056,2,2012,C,N,207,138624,670
92056,2,2012,I,Y,0,0,0
92056,2,2012,R,N,241,187493,778
92057,2,2012,A,Y,0,0,0
92057,2,2012,C,Y,0,0,0
92057,2,2012,I,Y,0,0,0
92057,2,2012,R,N,621,209367,337
92058,2,2012,A,Y,0,0,0
92058,2,2012,C,Y,0,0,0
92058,2,2012,I,Y,0,0,0
92058,2,2012,R,Y,443,284876,643
92059,2,2012,A,Y,0,0,0
92059,2,2012,C,Y,0,0,0
92059,2,2012,I,Y,0,0,0
92059,2,2012,R,Y,0,0,0
92060,2,2012,A,Y,0,0,0
92060,2,2012,C,Y,0,0,0
92060,2,2012,I,Y,0,0,0
92060,2,2012,R,Y,0,0,0
92061,2,2012,A,Y,0,0,0
92061,2,2012,C,Y,0,0,0
92061,2,2012,I,Y,0,0,0
92061,2,2012,R,Y,0,0,0
92064,2,2012,A,Y,0,0,0
92064,2,2012,C,Y,279,248986,892
92064,2,2012,I,Y,0,0,0
92064,2,2012,R,Y,1352,515679,381
92065,2,2012,A,Y,0,0,0
92065,2,2012,C,Y,0,0,0
92065,2,2012,I,Y,0,0,0
92065,2,2012,R,Y,505,201620,399
92066,2,2012,A,Y,0,0,0
92066,2,2012,C,Y,0,0,0
92066,2,2012,I,Y,0,0,0
92066,2,2012,R,Y,0,0,0
92067,2,2012,A,Y,0,0,0
92067,2,2012,C,Y,0,0,0
92067,2,2012,I,Y,0,0,0
92067,2,2012,R,N,542,279808,516
92068,2,2012,A,Y,0,0,0
92068,2,2012,C,Y,0,0,0
92068,2,2012,I,Y,0,0,0
92068,2,2012,R,Y,0,0,0
92069,2,2012,A,Y,0,0,0
92069,2,2012,C,Y,249,210772,846
92069,2,2012,I,Y,0,0,0
92069,2,2012,R,Y,715,115013,161
92070,2,2012,A,Y,0,0,0
92070,2,2012,C,Y,0,0,0
92070,2,2012,I,Y,0,0,0
92070,2,2012,R,Y,0,0,0
92071,2,2012,A,Y,0,0,0
92071,2,2012,C,Y,1232,462790,376
92071,2,2012,I,Y,0,0,0
92071,2,2012,R,Y,851,112150,132
92072,2,2012,A,Y,0,0,0
92072,2,2012,C,Y,0,0,0
92072,2,2012,I,Y,0,0,0
92072,2,2012,R,Y,0,0,0
92075,2,2012,A,Y,0,0,0
92075,2,2012,C,N,96,158000,1646
92075,2,2012,I,Y,0,0,0
92075,2,2012,R,N,119,25091,211
92078,2,2012,A,Y,0,0,0
92078,2,2012,C,N,238,150585,633
92078,2,2012,I,Y,0,0,0
92078,2,2012,R,N,732,73511,100
92079,2,2012,A,Y,0,0,0
92079,2,2012,C,Y,0,0,0
92079,2,2012,I,Y,0,0,0
92079,2,2012,R,Y,0,0,0
92081,2,2012,A,Y,0,0,0
92081,2,2012,C,N,243,49527,204
92081,2,2012,I,Y,0,0,0
92081,2,2012,R,N,572,85093,149
92082,2,2012,A,Y,0,0,0
92082,2,2012,C,Y,0,0,0
92082,2,2012,I,Y,0,0,0
92082,2,2012,R,Y,579,302746,523
92083,2,2012,A,Y,0,0,0
92083,2,2012,C,Y,0,0,0
92083,2,2012,I,Y,0,0,0
92083,2,2012,R,N,473,55316,117
92084,2,2012,A,Y,0,0,0
92084,2,2012,C,Y,197,66632,338
92084,2,2012,I,Y,0,0,0
92084,2,2012,R,Y,426,67222,158
92085,2,2012,A,Y,0,0,0
92085,2,2012,C,Y,0,0,0
92085,2,2012,I,Y,0,0,0
92085,2,2012,R,Y,0,0,0
92086,2,2012,A,Y,0,0,0
92086,2,2012,C,Y,0,0,0
92086,2,2012,I,Y,0,0,0
92086,2,2012,R,Y,0,0,0
92091,2,2012,A,Y,0,0,0
92091,2,2012,C,Y,0,0,0
92091,2,2012,I,Y,0,0,0
92091,2,2012,R,Y,0,0,0
92092,2,2012,A,Y,0,0,0
92092,2,2012,C,Y,0,0,0
92092,2,2012,I,Y,0,0,0
92092,2,2012,R,Y,0,0,0
92093,2,2012,A,Y,0,0,0
92093,2,2012,C,Y,0,0,0
92093,2,2012,I,Y,0,0,0
92093,2,2012,R,Y,0,0,0
92096,2,2012,A,Y,0,0,0
92096,2,2012,C,Y,0,0,0
92096,2,2012,I,Y,0,0,0
92096,2,2012,R,Y,0,0,0
92101,2,2012,A,Y,0,0,0
92101,2,2012,C,Y,1546,1567702,1014
92101,2,2012,I,Y,0,0,0
92101,2,2012,R,Y,571,78151,137
92102,2,2012,A,Y,0,0,0
92102,2,2012,C,N,302,69485,230
92102,2,2012,I,Y,0,0,0
92102,2,2012,R,N,369,50351,136
92103,2,2012,A,Y,0,0,0
92103,2,2012,C,Y,802,310665,387
92103,2,2012,I,Y,0,0,0
92103,2,2012,R,Y,432,32421,75
92104,2,2012,A,Y,0,0,0
92104,2,2012,C,N,399,207129,519
92104,2,2012,I,Y,0,0,0
92104,2,2012,R,N,264,17869,68
92105,2,2012,A,Y,0,0,0
92105,2,2012,C,Y,0,0,0
92105,2,2012,I,Y,0,0,0
92105,2,2012,R,N,914,107476,118
92106,2,2012,A,Y,0,0,0
92106,2,2012,C,Y,273,57478,211
92106,2,2012,I,Y,0,0,0
92106,2,2012,R,Y,129,9886,77
92107,2,2012,A,Y,0,0,0
92107,2,2012,C,N,144,83304,578
92107,2,2012,I,Y,0,0,0
92107,2,2012,R,N,212,17437,82
92108,2,2012,A,Y,0,0,0
92108,2,2012,C,N,903,183544,203
92108,2,2012,I,Y,0,0,0
92108,2,2012,R,N,179,31489,176
92109,2,2012,A,Y,0,0,0
92109,2,2012,C,N,825,349992,424
92109,2,2012,I,Y,0,0,0
92109,2,2012,R,N,674,34074,51
92110,2,2012,A,Y,0,0,0
92110,2,2012,C,N,1304,493888,379
92110,2,2012,I,Y,0,0,0
92110,2,2012,R,N,541,27029,50
92111,2,2012,A,Y,0,0,0
92111,2,2012,C,Y,1926,473595,246
92111,2,2012,I,Y,0,0,0
92111,2,2012,R,Y,687,45364,66
92112,2,2012,A,Y,0,0,0
92112,2,2012,C,Y,0,0,0
92112,2,2012,I,Y,0,0,0
92112,2,2012,R,Y,0,0,0
92113,2,2012,A,Y,0,0,0
92113,2,2012,C,N,397,73760,186
92113,2,2012,I,Y,0,0,0
92113,2,2012,R,N,129,21632,168
92114,2,2012,A,Y,0,0,0
92114,2,2012,C,Y,0,0,0
92114,2,2012,I,Y,0,0,0
92114,2,2012,R,N,695,86609,125
92115,2,2012,A,Y,0,0,0
92115,2,2012,C,Y,687,463456,675
92115,2,2012,I,Y,0,0,0
92115,2,2012,R,Y,400,63453,159
92116,2,2012,A,Y,0,0,0
92116,2,2012,C,N,252,78932,313
92116,2,2012,I,Y,0,0,0
92116,2,2012,R,N,247,15383,62
92117,2,2012,A,Y,0,0,0
92117,2,2012,C,N,622,146731,236
92117,2,2012,I,Y,0,0,0
92117,2,2012,R,N,711,28788,40
92118,2,2012,A,Y,0,0,0
92118,2,2012,C,Y,287,38335,134
92118,2,2012,I,Y,0,0,0
92118,2,2012,R,Y,161,7958,49
92119,2,2012,A,Y,0,0,0
92119,2,2012,C,N,40,55753,1394
92119,2,2012,I,Y,0,0,0
92119,2,2012,R,N,212,36123,170
92120,2,2012,A,Y,0,0,0
92120,2,2012,C,N,593,197530,333
92120,2,2012,I,Y,0,0,0
92120,2,2012,R,N,527,20784,39
92121,2,2012,A,Y,0,0,0
92121,2,2012,C,N,1180,695246,589
92121,2,2012,I,Y,0,0,0
92121,2,2012,R,Y,0,0,0
92122,2,2012,A,Y,0,0,0
92122,2,2012,C,N,190,124928,658
92122,2,2012,I,Y,0,0,0
92122,2,2012,R,N,237,32070,135
92123,2,2012,A,Y,0,0,0
92123,2,2012,C,Y,1427,442016,310
92123,2,2012,I,Y,0,0,0
92123,2,2012,R,Y,741,62683,85
92124,2,2012,A,Y,0,0,0
92124,2,2012,C,Y,0,0,0
92124,2,2012,I,Y,0,0,0
92124,2,2012,R,N,177,16510,93
92126,2,2012,A,Y,0,0,0
92126,2,2012,C,Y,1934,303713,157
92126,2,2012,I,Y,0,0,0
92126,2,2012,R,Y,752,106135,141
92127,2,2012,A,Y,0,0,0
92127,2,2012,C,Y,0,0,0
92127,2,2012,I,Y,0,0,0
92127,2,2012,R,N,558,58276,104
92128,2,2012,A,Y,0,0,0
92128,2,2012,C,Y,141,173137,1228
92128,2,2012,I,Y,0,0,0
92128,2,2012,R,Y,1971,199535,101
92129,2,2012,A,Y,0,0,0
92129,2,2012,C,N,52,69826,1343
92129,2,2012,I,Y,0,0,0
92129,2,2012,R,N,624,87572,140
92130,2,2012,A,Y,0,0,0
92130,2,2012,C,Y,0,0,0
92130,2,2012,I,Y,0,0,0
92130,2,2012,R,N,750,269972,360
92131,2,2012,A,Y,0,0,0
92131,2,2012,C,Y,0,0,0
92131,2,2012,I,Y,0,0,0
92131,2,2012,R,Y,524,30100,57
92132,2,2012,A,Y,0,0,0
92132,2,2012,C,Y,0,0,0
92132,2,2012,I,Y,0,0,0
92132,2,2012,R,Y,0,0,0
92134,2,2012,A,Y,0,0,0
92134,2,2012,C,Y,0,0,0
92134,2,2012,I,Y,0,0,0
92134,2,2012,R,Y,0,0,0
92135,2,2012,A,Y,0,0,0
92135,2,2012,C,Y,0,0,0
92135,2,2012,I,Y,0,0,0
92135,2,2012,R,Y,0,0,0
92136,2,2012,A,Y,0,0,0
92136,2,2012,C,Y,0,0,0
92136,2,2012,I,Y,0,0,0
92136,2,2012,R,Y,0,0,0
92139,2,2012,A,Y,0,0,0
92139,2,2012,C,Y,0,0,0
92139,2,2012,I,Y,0,0,0
92139,2,2012,R,N,117,20638,176
92145,2,2012,A,Y,0,0,0
92145,2,2012,C,Y,0,0,0
92145,2,2012,I,Y,0,0,0
92145,2,2012,R,Y,0,0,0
92152,2,2012,A,Y,0,0,0
92152,2,2012,C,Y,0,0,0
92152,2,2012,I,Y,0,0,0
92152,2,2012,R,Y,0,0,0
92154,2,2012,A,Y,0,0,0
92154,2,2012,C,Y,324,338064,1043
92154,2,2012,I,Y,0,0,0
92154,2,2012,R,Y,321,414430,1291
92155,2,2012,A,Y,0,0,0
92155,2,2012,C,Y,0,0,0
92155,2,2012,I,Y,0,0,0
92155,2,2012,R,Y,0,0,0
92158,2,2012,A,Y,0,0,0
92158,2,2012,C,Y,0,0,0
92158,2,2012,I,Y,0,0,0
92158,2,2012,R,Y,0,0,0
92161,2,2012,A,Y,0,0,0
92161,2,2012,C,Y,0,0,0
92161,2,2012,I,Y,0,0,0
92161,2,2012,R,Y,0,0,0
92173,2,2012,A,Y,0,0,0
92173,2,2012,C,Y,0,0,0
92173,2,2012,I,Y,0,0,0
92173,2,2012,R,N,128,138155,1079
92179,2,2012,A,Y,0,0,0
92179,2,2012,C,Y,0,0,0
92179,2,2012,I,Y,0,0,0
92179,2,2012,R,Y,0,0,0
92182,2,2012,A,Y,0,0,0
92182,2,2012,C,Y,0,0,0
92182,2,2012,I,Y,0,0,0
92182,2,2012,R,Y,0,0,0
92199,2,2012,A,Y,0,0,0
92199,2,2012,C,Y,0,0,0
92199,2,2012,I,Y,0,0,0
92199,2,2012,R,Y,0,0,0
92536,2,2012,A,Y,0,0,0
92536,2,2012,C,Y,0,0,0
92536,2,2012,I,Y,0,0,0
92536,2,2012,R,Y,0,0,0
92624,2,2012,A,Y,0,0,0
92624,2,2012,C,Y,0,0,0
92624,2,2012,I,Y,0,0,0
92624,2,2012,R,Y,0,0,0
92625,2,2012,A,Y,0,0,0
92629,2,2012,A,Y,0,0,0
92629,2,2012,C,Y,0,0,0
92629,2,2012,I,Y,0,0,0
92629,2,2012,R,N,345,50126,145
92649,2,2012,A,Y,0,0,0
92651,2,2012,A,Y,0,0,0
92651,2,2012,C,Y,0,0,0
92651,2,2012,I,Y,0,0,0
92651,2,2012,R,Y,0,0,0
92653,2,2012,A,Y,0,0,0
92653,2,2012,C,Y,0,0,0
92653,2,2012,I,Y,0,0,0
92653,2,2012,R,N,142,16697,118
92654,2,2012,A,Y,0,0,0
92654,2,2012,C,Y,0,0,0
92654,2,2012,I,Y,0,0,0
92654,2,2012,R,Y,0,0,0
92656,2,2012,A,Y,0,0,0
92656,2,2012,C,Y,0,0,0
92656,2,2012,I,Y,0,0,0
92656,2,2012,R,Y,0,0,0
92672,2,2012,A,Y,0,0,0
92672,2,2012,C,Y,605,128393,212
92672,2,2012,I,Y,0,0,0
92672,2,2012,R,Y,395,98511,249
92673,2,2012,A,Y,0,0,0
92673,2,2012,C,N,650,96069,148
92673,2,2012,I,Y,0,0,0
92673,2,2012,R,N,187,29975,160
92674,2,2012,A,Y,0,0,0
92674,2,2012,C,Y,0,0,0
92674,2,2012,I,Y,0,0,0
92674,2,2012,R,Y,0,0,0
92675,2,2012,A,Y,0,0,0
92675,2,2012,C,Y,951,76237,80
92675,2,2012,I,Y,0,0,0
92675,2,2012,R,Y,191,34576,181
92676,2,2012,A,Y,0,0,0
92676,2,2012,C,Y,0,0,0
92676,2,2012,I,Y,0,0,0
92676,2,2012,R,Y,0,0,0
92677,2,2012,A,Y,0,0,0
92677,2,2012,C,Y,1388,141417,102
92677,2,2012,I,Y,0,0,0
92677,2,2012,R,Y,268,33588,125
92679,2,2012,A,Y,0,0,0
92679,2,2012,C,Y,0,0,0
92679,2,2012,I,Y,0,0,0
92679,2,2012,R,Y,0,0,0
92688,2,2012,A,Y,0,0,0
92688,2,2012,C,Y,0,0,0
92688,2,2012,I,Y,0,0,0
92688,2,2012,R,Y,0,0,0
92690,2,2012,A,Y,0,0,0
92690,2,2012,C,Y,0,0,0
92690,2,2012,I,Y,0,0,0
92690,2,2012,R,Y,0,0,0
92691,2,2012,A,Y,0,0,0
92691,2,2012,C,Y,0,0,0
92691,2,2012,I,Y,0,0,0
92691,2,2012,R,Y,0,0,0
92692,2,2012,A,Y,0,0,0
92692,2,2012,C,Y,0,0,0
92692,2,2012,I,Y,0,0,0
92692,2,2012,R,Y,0,0,0
92693,2,2012,A,Y,0,0,0
92693,2,2012,C,Y,0,0,0
92693,2,2012,I,Y,0,0,0
92693,2,2012,R,Y,0,0,0
92694,2,2012,A,Y,0,0,0
92694,2,2012,C,Y,0,0,0
92694,2,2012,I,Y,0,0,0
92694,2,2012,R,N,708,36878,52
91901,3,2012,A,Y,142,36245,255
91901,3,2012,C,Y,646,741074,1147
91901,3,2012,I,Y,0,0,0
91901,3,2012,R,Y,1078,403409,374
91902,3,2012,A,Y,0,0,0
91902,3,2012,C,N,286,211165,738
91902,3,2012,I,Y,0,0,0
91902,3,2012,R,N,1102,412741,375
91905,3,2012,A,Y,0,0,0
91905,3,2012,C,Y,0,0,0
91905,3,2012,I,Y,0,0,0
91905,3,2012,R,Y,0,0,0
91906,3,2012,A,Y,0,0,0
91906,3,2012,C,Y,319,204512,641
91906,3,2012,I,Y,0,0,0
91906,3,2012,R,Y,0,0,0
91910,3,2012,A,Y,0,0,0
91910,3,2012,C,Y,1561,1365795,875
91910,3,2012,I,Y,0,0,0
91910,3,2012,R,Y,2165,520007,240
91911,3,2012,A,Y,0,0,0
91911,3,2012,C,Y,2032,1463142,720
91911,3,2012,I,Y,0,0,0
91911,3,2012,R,Y,1963,462152,235
91912,3,2012,A,Y,0,0,0
91912,3,2012,C,Y,0,0,0
91912,3,2012,I,Y,0,0,0
91912,3,2012,R,Y,0,0,0
91913,3,2012,A,Y,0,0,0
91913,3,2012,C,Y,0,0,0
91913,3,2012,I,Y,0,0,0
91913,3,2012,R,N,1563,393832,252
91914,3,2012,A,Y,0,0,0
91914,3,2012,C,N,440,267764,609
91914,3,2012,I,Y,0,0,0
91914,3,2012,R,N,609,197504,324
91915,3,2012,A,Y,0,0,0
91915,3,2012,C,Y,252,272365,1081
91915,3,2012,I,Y,0,0,0
91915,3,2012,R,Y,929,247242,266
91916,3,2012,A,Y,0,0,0
91916,3,2012,C,Y,0,0,0
91916,3,2012,I,Y,0,0,0
91916,3,2012,R,Y,0,0,0
91917,3,2012,A,Y,0,0,0
91917,3,2012,C,Y,0,0,0
91917,3,2012,I,Y,0,0,0
91917,3,2012,R,Y,0,0,0
91931,3,2012,A,Y,0,0,0
91931,3,2012,C,Y,0,0,0
91931,3,2012,I,Y,0,0,0
91931,3,2012,R,Y,0,0,0
91932,3,2012,A,Y,0,0,0
91932,3,2012,C,Y,0,0,0
91932,3,2012,I,Y,0,0,0
91932,3,2012,R,N,1005,202262,201
91934,3,2012,A,Y,0,0,0
91934,3,2012,C,Y,0,0,0
91934,3,2012,I,Y,0,0,0
91934,3,2012,R,Y,0,0,0
91935,3,2012,A,Y,0,0,0
91935,3,2012,C,Y,0,0,0
91935,3,2012,I,Y,0,0,0
91935,3,2012,R,N,195,51933,266
91941,3,2012,A,Y,0,0,0
91941,3,2012,C,N,307,344229,1121
91941,3,2012,I,Y,0,0,0
91941,3,2012,R,N,1324,343250,259
91942,3,2012,A,Y,0,0,0
91942,3,2012,C,N,1567,2126266,1357
91942,3,2012,I,Y,0,0,0
91942,3,2012,R,N,1902,420884,221
91945,3,2012,A,Y,0,0,0
91945,3,2012,C,N,621,542338,873
91945,3,2012,I,Y,0,0,0
91945,3,2012,R,N,1740,405687,233
91948,3,2012,A,Y,0,0,0
91948,3,2012,C,Y,0,0,0
91948,3,2012,I,Y,0,0,0
91948,3,2012,R,Y,0,0,0
91950,3,2012,A,Y,0,0,0
91950,3,2012,C,Y,2253,2422338,1075
91950,3,2012,I,Y,0,0,0
91950,3,2012,R,Y,1351,323835,240
91962,3,2012,A,Y,0,0,0
91962,3,2012,C,Y,0,0,0
91962,3,2012,I,Y,0,0,0
91962,3,2012,R,Y,0,0,0
91963,3,2012,A,Y,0,0,0
91963,3,2012,C,Y,0,0,0
91963,3,2012,I,Y,0,0,0
91963,3,2012,R,Y,0,0,0
91977,3,2012,A,Y,0,0,0
91977,3,2012,C,N,864,580685,672
91977,3,2012,I,Y,0,0,0
91977,3,2012,R,N,2007,580080,289
91978,3,2012,A,Y,0,0,0
91978,3,2012,C,N,253,172803,683
91978,3,2012,I,Y,0,0,0
91978,3,2012,R,N,229,141272,617
91980,3,2012,A,Y,0,0,0
91980,3,2012,C,Y,0,0,0
91980,3,2012,I,Y,0,0,0
91980,3,2012,R,Y,0,0,0
92003,3,2012,A,Y,0,0,0
92003,3,2012,C,Y,0,0,0
92003,3,2012,I,Y,0,0,0
92003,3,2012,R,N,229,113069,494
92004,3,2012,A,Y,0,0,0
92004,3,2012,C,Y,0,0,0
92004,3,2012,I,Y,0,0,0
92004,3,2012,R,Y,0,0,0
92007,3,2012,A,Y,0,0,0
92007,3,2012,C,Y,0,0,0
92007,3,2012,I,Y,0,0,0
92007,3,2012,R,N,662,97807,148
92008,3,2012,A,Y,0,0,0
92008,3,2012,C,N,1459,7089247,4859
92008,3,2012,I,Y,0,0,0
92008,3,2012,R,N,803,150544,187
92009,3,2012,A,Y,0,0,0
92009,3,2012,C,Y,0,0,0
92009,3,2012,I,Y,0,0,0
92009,3,2012,R,N,1081,311064,288
92010,3,2012,A,Y,0,0,0
92010,3,2012,C,Y,0,0,0
92010,3,2012,I,Y,0,0,0
92010,3,2012,R,N,205,247761,1209
92011,3,2012,A,Y,0,0,0
92011,3,2012,C,Y,0,0,0
92011,3,2012,I,Y,0,0,0
92011,3,2012,R,N,552,241818,438
92014,3,2012,A,Y,0,0,0
92014,3,2012,C,N,341,315812,926
92014,3,2012,I,Y,0,0,0
92014,3,2012,R,N,865,270046,312
92019,3,2012,A,Y,0,0,0
92019,3,2012,C,N,497,448790,903
92019,3,2012,I,Y,0,0,0
92019,3,2012,R,N,2742,802688,293
92020,3,2012,A,Y,0,0,0
92020,3,2012,C,N,2426,1913774,789
92020,3,2012,I,Y,0,0,0
92020,3,2012,R,N,2386,471314,198
92021,3,2012,A,Y,0,0,0
92021,3,2012,C,N,1241,874460,705
92021,3,2012,I,Y,0,0,0
92021,3,2012,R,N,2896,873506,302
92024,3,2012,A,Y,0,0,0
92024,3,2012,C,Y,0,0,0
92024,3,2012,I,Y,0,0,0
92024,3,2012,R,Y,1674,441212,264
92025,3,2012,A,Y,0,0,0
92025,3,2012,C,Y,1049,1200679,1145
92025,3,2012,I,Y,0,0,0
92025,3,2012,R,Y,2566,626735,244
92026,3,2012,A,Y,0,0,0
92026,3,2012,C,Y,257,293129,1141
92026,3,2012,I,Y,0,0,0
92026,3,2012,R,Y,1504,553964,368
92027,3,2012,A,Y,0,0,0
92027,3,2012,C,Y,0,0,0
92027,3,2012,I,Y,0,0,0
92027,3,2012,R,Y,2586,807694,312
92028,3,2012,A,Y,0,0,0
92028,3,2012,C,Y,0,0,0
92028,3,2012,I,Y,0,0,0
92028,3,2012,R,N,2034,869057,427
92029,3,2012,A,Y,0,0,0
92029,3,2012,C,N,456,412608,905
92029,3,2012,I,Y,0,0,0
92029,3,2012,R,N,332,169694,511
92036,3,2012,A,Y,0,0,0
92036,3,2012,C,Y,631,476467,755
92036,3,2012,I,Y,0,0,0
92036,3,2012,R,Y,0,0,0
92037,3,2012,A,Y,0,0,0
92037,3,2012,C,Y,1410,1313971,932
92037,3,2012,I,Y,0,0,0
92037,3,2012,R,Y,1333,370507,278
92040,3,2012,A,Y,0,0,0
92040,3,2012,C,N,670,758350,1132
92040,3,2012,I,Y,0,0,0
92040,3,2012,R,N,2002,901142,450
92045,3,2012,C,Y,0,0,0
92045,3,2012,I,Y,0,0,0
92045,3,2012,R,Y,0,0,0
92049,3,2012,A,Y,0,0,0
92049,3,2012,C,Y,0,0,0
92049,3,2012,I,Y,0,0,0
92049,3,2012,R,Y,0,0,0
92054,3,2012,A,Y,0,0,0
92054,3,2012,C,Y,884,1104871,1250
92054,3,2012,I,Y,0,0,0
92054,3,2012,R,Y,993,392317,395
92055,3,2012,A,Y,0,0,0
92055,3,2012,C,Y,0,0,0
92055,3,2012,I,Y,0,0,0
92055,3,2012,R,Y,0,0,0
92056,3,2012,A,Y,0,0,0
92056,3,2012,C,N,382,1001242,2621
92056,3,2012,I,Y,0,0,0
92056,3,2012,R,N,997,416190,417
92057,3,2012,A,Y,0,0,0
92057,3,2012,C,Y,0,0,0
92057,3,2012,I,Y,0,0,0
92057,3,2012,R,N,2530,664760,263
92058,3,2012,A,Y,0,0,0
92058,3,2012,C,Y,215,325396,1513
92058,3,2012,I,Y,0,0,0
92058,3,2012,R,Y,879,457213,520
92059,3,2012,A,Y,0,0,0
92059,3,2012,C,Y,0,0,0
92059,3,2012,I,Y,0,0,0
92059,3,2012,R,Y,0,0,0
92060,3,2012,A,Y,0,0,0
92060,3,2012,C,Y,0,0,0
92060,3,2012,I,Y,0,0,0
92060,3,2012,R,Y,0,0,0
92061,3,2012,A,Y,554,355639,642
92061,3,2012,C,Y,0,0,0
92061,3,2012,I,Y,0,0,0
92061,3,2012,R,Y,137,121450,886
92064,3,2012,A,Y,0,0,0
92064,3,2012,C,Y,540,539766,1000
92064,3,2012,I,Y,0,0,0
92064,3,2012,R,Y,2983,1417317,475
92065,3,2012,A,Y,667,246907,370
92065,3,2012,C,Y,0,0,0
92065,3,2012,I,Y,0,0,0
92065,3,2012,R,Y,799,273055,342
92066,3,2012,A,Y,0,0,0
92066,3,2012,C,Y,0,0,0
92066,3,2012,I,Y,0,0,0
92066,3,2012,R,Y,0,0,0
92067,3,2012,A,Y,0,0,0
92067,3,2012,C,N,309,248425,804
92067,3,2012,I,Y,0,0,0
92067,3,2012,R,N,684,738881,1080
92068,3,2012,A,Y,0,0,0
92068,3,2012,C,Y,0,0,0
92068,3,2012,I,Y,0,0,0
92068,3,2012,R,Y,0,0,0
92069,3,2012,A,Y,0,0,0
92069,3,2012,C,Y,724,1248114,1724
92069,3,2012,I,Y,0,0,0
92069,3,2012,R,Y,1629,452853,278
92070,3,2012,A,Y,0,0,0
92070,3,2012,C,Y,0,0,0
92070,3,2012,I,Y,0,0,0
92070,3,2012,R,Y,0,0,0
92071,3,2012,A,Y,0,0,0
92071,3,2012,C,Y,1586,1828652,1153
92071,3,2012,I,Y,0,0,0
92071,3,2012,R,Y,2698,1824499,676
92072,3,2012,A,Y,0,0,0
92072,3,2012,C,Y,0,0,0
92072,3,2012,I,Y,0,0,0
92072,3,2012,R,Y,0,0,0
92075,3,2012,A,Y,0,0,0
92075,3,2012,C,N,337,362593,1076
92075,3,2012,I,Y,0,0,0
92075,3,2012,R,N,361,63303,175
92078,3,2012,A,Y,0,0,0
92078,3,2012,C,N,558,1026158,1839
92078,3,2012,I,Y,0,0,0
92078,3,2012,R,N,1636,445165,272
92079,3,2012,A,Y,0,0,0
92079,3,2012,C,Y,0,0,0
92079,3,2012,I,Y,0,0,0
92079,3,2012,R,Y,0,0,0
92081,3,2012,A,Y,0,0,0
92081,3,2012,C,Y,383,395816,1033
92081,3,2012,I,Y,0,0,0
92081,3,2012,R,Y,1800,424901,236
92082,3,2012,A,Y,0,0,0
92082,3,2012,C,Y,0,0,0
92082,3,2012,I,Y,0,0,0
92082,3,2012,R,Y,939,621887,662
92083,3,2012,A,Y,0,0,0
92083,3,2012,C,N,423,344773,815
92083,3,2012,I,Y,0,0,0
92083,3,2012,R,N,915,347446,380
92084,3,2012,A,Y,0,0,0
92084,3,2012,C,Y,606,446025,736
92084,3,2012,I,Y,0,0,0
92084,3,2012,R,Y,1180,281733,239
92085,3,2012,A,Y,0,0,0
92085,3,2012,C,Y,0,0,0
92085,3,2012,I,Y,0,0,0
92085,3,2012,R,Y,0,0,0
92086,3,2012,A,Y,0,0,0
92086,3,2012,C,Y,0,0,0
92086,3,2012,I,Y,0,0,0
92086,3,2012,R,Y,0,0,0
92091,3,2012,A,Y,0,0,0
92091,3,2012,C,Y,0,0,0
92091,3,2012,I,Y,0,0,0
92091,3,2012,R,Y,0,0,0
92092,3,2012,A,Y,0,0,0
92092,3,2012,C,Y,0,0,0
92092,3,2012,I,Y,0,0,0
92092,3,2012,R,Y,0,0,0
92093,3,2012,A,Y,0,0,0
92093,3,2012,C,Y,0,0,0
92093,3,2012,I,Y,0,0,0
92093,3,2012,R,Y,0,0,0
92096,3,2012,A,Y,0,0,0
92096,3,2012,C,Y,0,0,0
92096,3,2012,I,Y,0,0,0
92096,3,2012,R,Y,0,0,0
92101,3,2012,A,Y,0,0,0
92101,3,2012,C,Y,2044,3712873,1816
92101,3,2012,I,Y,0,0,0
92101,3,2012,R,Y,1702,364110,214
92102,3,2012,A,Y,0,0,0
92102,3,2012,C,N,676,494473,731
92102,3,2012,I,Y,0,0,0
92102,3,2012,R,N,1289,224898,174
92103,3,2012,A,Y,0,0,0
92103,3,2012,C,Y,1399,1338910,957
92103,3,2012,I,Y,0,0,0
92103,3,2012,R,Y,1424,267704,188
92104,3,2012,A,Y,0,0,0
92104,3,2012,C,N,889,926141,1042
92104,3,2012,I,Y,0,0,0
92104,3,2012,R,N,1158,147183,127
92105,3,2012,A,Y,0,0,0
92105,3,2012,C,Y,0,0,0
92105,3,2012,I,Y,0,0,0
92105,3,2012,R,N,2519,559815,222
92106,3,2012,A,Y,0,0,0
92106,3,2012,C,Y,529,491926,930
92106,3,2012,I,Y,0,0,0
92106,3,2012,R,Y,345,56532,164
92107,3,2012,A,Y,0,0,0
92107,3,2012,C,N,483,481874,998
92107,3,2012,I,Y,0,0,0
92107,3,2012,R,N,924,85865,93
92108,3,2012,A,Y,0,0,0
92108,3,2012,C,N,969,1169991,1207
92108,3,2012,I,Y,0,0,0
92108,3,2012,R,N,984,160020,163
92109,3,2012,A,Y,0,0,0
92109,3,2012,C,N,1541,1369728,889
92109,3,2012,I,Y,0,0,0
92109,3,2012,R,N,1750,131080,75
92110,3,2012,A,Y,0,0,0
92110,3,2012,C,N,1757,1815055,1033
92110,3,2012,I,Y,0,0,0
92110,3,2012,R,N,1016,162208,160
92111,3,2012,A,Y,0,0,0
92111,3,2012,C,Y,2267,1554606,686
92111,3,2012,I,Y,0,0,0
92111,3,2012,R,Y,1607,213893,133
92112,3,2012,A,Y,0,0,0
92112,3,2012,C,Y,0,0,0
92112,3,2012,I,Y,0,0,0
92112,3,2012,R,Y,0,0,0
92113,3,2012,A,Y,0,0,0
92113,3,2012,C,N,788,664093,843
92113,3,2012,I,Y,0,0,0
92113,3,2012,R,N,497,100631,202
92114,3,2012,A,Y,0,0,0
92114,3,2012,C,Y,0,0,0
92114,3,2012,I,Y,0,0,0
92114,3,2012,R,N,1719,520818,303
92115,3,2012,A,Y,0,0,0
92115,3,2012,C,Y,1377,1369493,995
92115,3,2012,I,Y,0,0,0
92115,3,2012,R,Y,1154,327141,283
92116,3,2012,A,Y,0,0,0
92116,3,2012,C,N,574,489388,853
92116,3,2012,I,Y,0,0,0
92116,3,2012,R,N,922,129497,140
92117,3,2012,A,Y,0,0,0
92117,3,2012,C,N,758,567947,749
92117,3,2012,I,Y,0,0,0
92117,3,2012,R,N,676,110346,163
92118,3,2012,A,Y,0,0,0
92118,3,2012,C,Y,498,360374,724
92118,3,2012,I,Y,0,0,0
92118,3,2012,R,Y,259,46249,179
92119,3,2012,A,Y,0,0,0
92119,3,2012,C,N,111,116155,1046
92119,3,2012,I,Y,0,0,0
92119,3,2012,R,N,1213,313607,259
92120,3,2012,A,Y,0,0,0
92120,3,2012,C,N,824,600863,729
92120,3,2012,I,Y,0,0,0
92120,3,2012,R,N,1079,190168,176
92121,3,2012,A,Y,0,0,0
92121,3,2012,C,Y,1324,1548358,1169
92121,3,2012,I,Y,0,0,0
92121,3,2012,R,Y,0,0,0
92122,3,2012,A,Y,0,0,0
92122,3,2012,C,N,243,339061,1395
92122,3,2012,I,Y,0,0,0
92122,3,2012,R,N,695,108342,156
92123,3,2012,A,Y,0,0,0
92123,3,2012,C,Y,1522,1517920,997
92123,3,2012,I,Y,0,0,0
92123,3,2012,R,Y,1345,362638,270
92124,3,2012,A,Y,0,0,0
92124,3,2012,C,Y,0,0,0
92124,3,2012,I,Y,0,0,0
92124,3,2012,R,N,538,79161,147
92126,3,2012,A,Y,0,0,0
92126,3,2012,C,Y,2040,1151013,564
92126,3,2012,I,Y,0,0,0
92126,3,2012,R,Y,5157,1094003,212
92127,3,2012,A,Y,0,0,0
92127,3,2012,C,Y,0,0,0
92127,3,2012,I,Y,0,0,0
92127,3,2012,R,N,1038,213113,205
92128,3,2012,A,Y,0,0,0
92128,3,2012,C,Y,278,341061,1227
92128,3,2012,I,Y,0,0,0
92128,3,2012,R,Y,2374,914460,385
92129,3,2012,A,Y,0,0,0
92129,3,2012,C,N,135,161972,1200
92129,3,2012,I,Y,0,0,0
92129,3,2012,R,N,2748,748450,272
92130,3,2012,A,Y,0,0,0
92130,3,2012,C,N,276,321115,1163
92130,3,2012,I,Y,0,0,0
92130,3,2012,R,N,1326,478215,361
92131,3,2012,A,Y,0,0,0
92131,3,2012,C,Y,195,262207,1345
92131,3,2012,I,Y,0,0,0
92131,3,2012,R,Y,1213,246893,204
92132,3,2012,A,Y,0,0,0
92132,3,2012,C,Y,0,0,0
92132,3,2012,I,Y,0,0,0
92132,3,2012,R,Y,0,0,0
92134,3,2012,A,Y,0,0,0
92134,3,2012,C,Y,0,0,0
92134,3,2012,I,Y,0,0,0
92134,3,2012,R,Y,0,0,0
92135,3,2012,A,Y,0,0,0
92135,3,2012,C,Y,0,0,0
92135,3,2012,I,Y,0,0,0
92135,3,2012,R,Y,0,0,0
92136,3,2012,A,Y,0,0,0
92136,3,2012,C,Y,0,0,0
92136,3,2012,I,Y,0,0,0
92136,3,2012,R,Y,0,0,0
92139,3,2012,A,Y,0,0,0
92139,3,2012,C,Y,0,0,0
92139,3,2012,I,Y,0,0,0
92139,3,2012,R,N,1379,282571,205
92145,3,2012,A,Y,0,0,0
92145,3,2012,C,Y,0,0,0
92145,3,2012,I,Y,0,0,0
92145,3,2012,R,Y,0,0,0
92152,3,2012,A,Y,0,0,0
92152,3,2012,C,Y,0,0,0
92152,3,2012,I,Y,0,0,0
92152,3,2012,R,Y,0,0,0
92154,3,2012,A,Y,0,0,0
92154,3,2012,C,Y,590,707265,1199
92154,3,2012,I,Y,0,0,0
92154,3,2012,R,Y,699,623342,892
92155,3,2012,A,Y,0,0,0
92155,3,2012,C,Y,0,0,0
92155,3,2012,I,Y,0,0,0
92155,3,2012,R,Y,0,0,0
92158,3,2012,A,Y,0,0,0
92158,3,2012,C,Y,0,0,0
92158,3,2012,I,Y,0,0,0
92158,3,2012,R,Y,0,0,0
92161,3,2012,A,Y,0,0,0
92161,3,2012,C,Y,0,0,0
92161,3,2012,I,Y,0,0,0
92161,3,2012,R,Y,0,0,0
92173,3,2012,A,Y,0,0,0
92173,3,2012,C,Y,0,0,0
92173,3,2012,I,Y,0,0,0
92173,3,2012,R,N,322,163973,509
92179,3,2012,A,Y,0,0,0
92179,3,2012,C,Y,0,0,0
92179,3,2012,I,Y,0,0,0
92179,3,2012,R,Y,0,0,0
92182,3,2012,A,Y,0,0,0
92182,3,2012,C,Y,0,0,0
92182,3,2012,I,Y,0,0,0
92182,3,2012,R,Y,0,0,0
92199,3,2012,A,Y,0,0,0
92199,3,2012,C,Y,0,0,0
92199,3,2012,I,Y,0,0,0
92199,3,2012,R,Y,0,0,0
92536,3,2012,A,Y,0,0,0
92536,3,2012,C,Y,0,0,0
92536,3,2012,I,Y,0,0,0
92536,3,2012,R,Y,0,0,0
92624,3,2012,A,Y,0,0,0
92624,3,2012,C,Y,0,0,0
92624,3,2012,I,Y,0,0,0
92624,3,2012,R,N,119,81783,687
92625,3,2012,A,Y,0,0,0
92629,3,2012,A,Y,0,0,0
92629,3,2012,C,Y,0,0,0
92629,3,2012,I,Y,0,0,0
92629,3,2012,R,N,1341,374695,279
92649,3,2012,A,Y,0,0,0
92651,3,2012,A,Y,0,0,0
92651,3,2012,C,Y,0,0,0
92651,3,2012,I,Y,0,0,0
92651,3,2012,R,Y,151,70962,470
92653,3,2012,A,Y,0,0,0
92653,3,2012,C,N,339,162053,478
92653,3,2012,I,Y,0,0,0
92653,3,2012,R,N,583,168927,290
92654,3,2012,A,Y,0,0,0
92654,3,2012,C,Y,0,0,0
92654,3,2012,I,Y,0,0,0
92654,3,2012,R,Y,0,0,0
92656,3,2012,A,Y,0,0,0
92656,3,2012,C,Y,0,0,0
92656,3,2012,I,Y,0,0,0
92656,3,2012,R,N,146,34328,235
92672,3,2012,A,Y,0,0,0
92672,3,2012,C,Y,1178,867051,736
92672,3,2012,I,Y,0,0,0
92672,3,2012,R,Y,1463,418661,286
92673,3,2012,A,Y,0,0,0
92673,3,2012,C,N,733,563577,769
92673,3,2012,I,Y,0,0,0
92673,3,2012,R,N,662,220965,334
92674,3,2012,A,Y,0,0,0
92674,3,2012,C,Y,0,0,0
92674,3,2012,I,Y,0,0,0
92674,3,2012,R,Y,0,0,0
92675,3,2012,A,Y,0,0,0
92675,3,2012,C,Y,1413,857288,607
92675,3,2012,I,Y,0,0,0
92675,3,2012,R,Y,1449,418654,289
92676,3,2012,A,Y,0,0,0
92676,3,2012,C,Y,0,0,0
92676,3,2012,I,Y,0,0,0
92676,3,2012,R,Y,0,0,0
92677,3,2012,A,Y,0,0,0
92677,3,2012,C,Y,1853,1170715,632
92677,3,2012,I,Y,0,0,0
92677,3,2012,R,Y,1330,448514,337
92679,3,2012,A,Y,0,0,0
92679,3,2012,C,Y,0,0,0
92679,3,2012,I,Y,0,0,0
92679,3,2012,R,N,257,119689,466
92688,3,2012,A,Y,0,0,0
92688,3,2012,C,Y,0,0,0
92688,3,2012,I,Y,0,0,0
92688,3,2012,R,N,135,40653,301
92690,3,2012,A,Y,0,0,0
92690,3,2012,C,Y,0,0,0
92690,3,2012,I,Y,0,0,0
92690,3,2012,R,Y,0,0,0
92691,3,2012,A,Y,0,0,0
92691,3,2012,C,Y,346,241049,697
92691,3,2012,I,Y,0,0,0
92691,3,2012,R,Y,203,32008,158
92692,3,2012,A,Y,0,0,0
92692,3,2012,C,Y,402,241013,600
92692,3,2012,I,Y,0,0,0
92692,3,2012,R,Y,229,40005,175
92693,3,2012,A,Y,0,0,0
92693,3,2012,C,Y,0,0,0
92693,3,2012,I,Y,0,0,0
92693,3,2012,R,Y,0,0,0
92694,3,2012,A,Y,0,0,0
92694,3,2012,C,Y,0,0,0
92694,3,2012,I,Y,0,0,0
92694,3,2012,R,N,1086,241227,222
